code,color,image_url,file
CUSTOM-DD,Black,https://www.indigodecors.com/web/image/product.product/5193/image_1024/CUSTOM-DD%20%28Black%29?unique=6f81d3a,scraping\output\variant_images\CUSTOM-DD\black.jpg
CUSTOM-DD,White,https://www.indigodecors.com/web/image/product.product/5194/image_1024/CUSTOM-DD%20%28White%29?unique=6f81d3a,scraping\output\variant_images\CUSTOM-DD\white.jpg
CUSTOM-DD,Bronze,https://www.indigodecors.com/web/image/product.product/5195/image_1024/CUSTOM-DD%20%28Bronze%29?unique=6f81d3a,scraping\output\variant_images\CUSTOM-DD\bronze.jpg
CUSTOM-SD,Black,https://www.indigodecors.com/web/image/product.product/5235/image_1024/CUSTOM-SD%20%28Black%29?unique=43379a5,scraping\output\variant_images\CUSTOM-SD\black.jpg
CUSTOM-SD,White,https://www.indigodecors.com/web/image/product.product/5236/image_1024/CUSTOM-SD%20%28White%29?unique=43379a5,scraping\output\variant_images\CUSTOM-SD\white.jpg
CUSTOM-SD,Bronze,https://www.indigodecors.com/web/image/product.product/5237/image_1024/CUSTOM-SD%20%28Bronze%29?unique=43379a5,scraping\output\variant_images\CUSTOM-SD\bronze.jpg
ID01-DD,Black,https://www.indigodecors.com/web/image/product.product/4757/image_1024/ID01-DD%20%28Black%29?unique=12e2547,scraping\output\variant_images\ID01-DD\black.jpg
ID01-DD,White,https://www.indigodecors.com/web/image/product.product/4974/image_1024/ID01-DD%20%28White%29?unique=45d0ecb,scraping\output\variant_images\ID01-DD\white.jpg
ID01-DD,Bronze,https://www.indigodecors.com/web/image/product.product/4758/image_1024/ID01-DD%20%28Bronze%29?unique=45d0ecb,scraping\output\variant_images\ID01-DD\bronze.jpg
ID01-SD,Black,https://www.indigodecors.com/web/image/product.product/5238/image_1024/ID01-SD%20%28Black%29?unique=1b5ad04,scraping\output\variant_images\ID01-SD\black.jpg
ID01-SD,White,https://www.indigodecors.com/web/image/product.product/5239/image_1024/ID01-SD%20%28White%29?unique=1b5ad04,scraping\output\variant_images\ID01-SD\white.jpg
ID01-SD,Bronze,https://www.indigodecors.com/web/image/product.product/5240/image_1024/ID01-SD%20%28Bronze%29?unique=1b5ad04,scraping\output\variant_images\ID01-SD\bronze.jpg
ID02-DD,Black,https://www.indigodecors.com/web/image/product.product/5295/image_1024/ID02-DD%20%20%28Black%29?unique=2ac4a73,scraping\output\variant_images\ID02-DD\black.jpg
ID02-DD,White,https://www.indigodecors.com/web/image/product.product/5296/image_1024/ID02-DD%20%20%28White%29?unique=2ac4a73,scraping\output\variant_images\ID02-DD\white.jpg
ID02-DD,Bronze,https://www.indigodecors.com/web/image/product.product/5297/image_1024/ID02-DD%20%20%28Bronze%29?unique=2ac4a73,scraping\output\variant_images\ID02-DD\bronze.jpg
ID02-SD,Black,https://www.indigodecors.com/web/image/product.product/5298/image_1024/ID02-SD%20%20%28Black%29?unique=a697130,scraping\output\variant_images\ID02-SD\black.jpg
ID02-SD,White,https://www.indigodecors.com/web/image/product.product/5299/image_1024/ID02-SD%20%20%28White%29?unique=a697130,scraping\output\variant_images\ID02-SD\white.jpg
ID02-SD,Bronze,https://www.indigodecors.com/web/image/product.product/5300/image_1024/ID02-SD%20%20%28Bronze%29?unique=a697130,scraping\output\variant_images\ID02-SD\bronze.jpg
ID03-DD,Black,https://www.indigodecors.com/web/image/product.product/4981/image_1024/ID03-DD%20%28Black%29?unique=4aff3e7,scraping\output\variant_images\ID03-DD\black.jpg
ID03-DD,White,https://www.indigodecors.com/web/image/product.product/4982/image_1024/ID03-DD%20%28White%29?unique=4aff3e7,scraping\output\variant_images\ID03-DD\white.jpg
ID03-DD,Bronze,https://www.indigodecors.com/web/image/product.product/4983/image_1024/ID03-DD%20%28Bronze%29?unique=4aff3e7,scraping\output\variant_images\ID03-DD\bronze.jpg
ID03-SD,Black,https://www.indigodecors.com/web/image/product.product/5277/image_1024/ID03-SD%20%28Black%29?unique=f42ed2d,scraping\output\variant_images\ID03-SD\black.jpg
ID03-SD,White,https://www.indigodecors.com/web/image/product.product/5278/image_1024/ID03-SD%20%28White%29?unique=f42ed2d,scraping\output\variant_images\ID03-SD\white.jpg
ID03-SD,Bronze,https://www.indigodecors.com/web/image/product.product/5279/image_1024/ID03-SD%20%28Bronze%29?unique=f42ed2d,scraping\output\variant_images\ID03-SD\bronze.jpg
ID04-DD,Black,https://www.indigodecors.com/web/image/product.product/4984/image_1024/ID04-DD%20%28Black%29?unique=f28faf6,scraping\output\variant_images\ID04-DD\black.jpg
ID04-DD,White,https://www.indigodecors.com/web/image/product.product/4985/image_1024/ID04-DD%20%28White%29?unique=f28faf6,scraping\output\variant_images\ID04-DD\white.jpg
ID04-DD,Bronze,https://www.indigodecors.com/web/image/product.product/4986/image_1024/ID04-DD%20%28Bronze%29?unique=f28faf6,scraping\output\variant_images\ID04-DD\bronze.jpg
ID04-SD,Black,https://www.indigodecors.com/web/image/product.product/5280/image_1024/ID04-SD%20%28Black%29?unique=3bf7439,scraping\output\variant_images\ID04-SD\black.jpg
ID04-SD,White,https://www.indigodecors.com/web/image/product.product/5281/image_1024/ID04-SD%20%28White%29?unique=3bf7439,scraping\output\variant_images\ID04-SD\white.jpg
ID04-SD,Bronze,https://www.indigodecors.com/web/image/product.product/5282/image_1024/ID04-SD%20%28Bronze%29?unique=3bf7439,scraping\output\variant_images\ID04-SD\bronze.jpg
ID05-DD,Black,https://www.indigodecors.com/web/image/product.product/4993/image_1024/ID05-DD%20%28Black%29?unique=7157563,scraping\output\variant_images\ID05-DD\black.jpg
ID05-DD,White,https://www.indigodecors.com/web/image/product.product/4994/image_1024/ID05-DD%20%28White%29?unique=7157563,scraping\output\variant_images\ID05-DD\white.jpg
ID05-DD,Bronze,https://www.indigodecors.com/web/image/product.product/4995/image_1024/ID05-DD%20%28Bronze%29?unique=7157563,scraping\output\variant_images\ID05-DD\bronze.jpg
ID05-SD,Black,https://www.indigodecors.com/web/image/product.product/5283/image_1024/ID05-SD%20%28Black%29?unique=b66ee90,scraping\output\variant_images\ID05-SD\black.jpg
ID05-SD,White,https://www.indigodecors.com/web/image/product.product/5284/image_1024/ID05-SD%20%28White%29?unique=b66ee90,scraping\output\variant_images\ID05-SD\white.jpg
ID05-SD,Bronze,https://www.indigodecors.com/web/image/product.product/5285/image_1024/ID05-SD%20%28Bronze%29?unique=b66ee90,scraping\output\variant_images\ID05-SD\bronze.jpg
ID06-DD,Black,https://www.indigodecors.com/web/image/product.product/5002/image_1024/ID06-DD%20%20%28Black%29?unique=e704de3,scraping\output\variant_images\ID06-DD\black.jpg
ID06-DD,White,https://www.indigodecors.com/web/image/product.product/5003/image_1024/ID06-DD%20%20%28White%29?unique=e704de3,scraping\output\variant_images\ID06-DD\white.jpg
ID06-DD,Bronze,https://www.indigodecors.com/web/image/product.product/5004/image_1024/ID06-DD%20%20%28Bronze%29?unique=e704de3,scraping\output\variant_images\ID06-DD\bronze.jpg
ID06-SD-X,Black,https://www.indigodecors.com/web/image/product.product/5502/image_1024/ID06-SD%20X%20%28Black%29?unique=f17393d,scraping\output\variant_images\ID06-SD-X\black.jpg
ID06-SD-X,White,https://www.indigodecors.com/web/image/product.product/5503/image_1024/ID06-SD%20X%20%28White%29?unique=710b489,scraping\output\variant_images\ID06-SD-X\white.jpg
ID06-SD-X,Bronze,https://www.indigodecors.com/web/image/product.product/5504/image_1024/ID06-SD%20X%20%28Bronze%29?unique=a4690b8,scraping\output\variant_images\ID06-SD-X\bronze.jpg
ID07-DD-X,Black,https://www.indigodecors.com/web/image/product.product/5011/image_1024/ID07-DD%20x%20%28Black%29?unique=a2992d5,scraping\output\variant_images\ID07-DD-X\black.jpg
ID07-DD-X,White,https://www.indigodecors.com/web/image/product.product/5012/image_1024/ID07-DD%20x%20%28White%29?unique=a2992d5,scraping\output\variant_images\ID07-DD-X\white.jpg
ID07-DD-X,Bronze,https://www.indigodecors.com/web/image/product.product/5013/image_1024/ID07-DD%20x%20%28Bronze%29?unique=a2992d5,scraping\output\variant_images\ID07-DD-X\bronze.jpg
ID07-SD-X,Black,https://www.indigodecors.com/web/image/product.product/4890/image_1024/ID07-SD%20x%20%28Black%2C%20Right-hand%29?unique=da346f5,scraping\output\variant_images\ID07-SD-X\black.jpg
ID07-SD-X,White,https://www.indigodecors.com/web/image/product.product/4891/image_1024/ID07-SD%20x%20%28White%2C%20Right-hand%29?unique=da346f5,scraping\output\variant_images\ID07-SD-X\white.jpg
ID07-SD-X,Bronze,https://www.indigodecors.com/web/image/product.product/4892/image_1024/ID07-SD%20x%20%28Bronze%2C%20Right-hand%29?unique=da346f5,scraping\output\variant_images\ID07-SD-X\bronze.jpg
ID08-DD,Black,https://www.indigodecors.com/web/image/product.product/5020/image_1024/ID08-DD%20%28Black%29?unique=db6af68,scraping\output\variant_images\ID08-DD\black.jpg
ID08-DD,White,https://www.indigodecors.com/web/image/product.product/5021/image_1024/ID08-DD%20%28White%29?unique=db6af68,scraping\output\variant_images\ID08-DD\white.jpg
ID08-DD,Bronze,https://www.indigodecors.com/web/image/product.product/5022/image_1024/ID08-DD%20%28Bronze%29?unique=db6af68,scraping\output\variant_images\ID08-DD\bronze.jpg
ID08-SD,Black,https://www.indigodecors.com/web/image/product.product/5286/image_1024/ID08-SD%20%28Black%29?unique=5906e5e,scraping\output\variant_images\ID08-SD\black.jpg
ID08-SD,White,https://www.indigodecors.com/web/image/product.product/5287/image_1024/ID08-SD%20%28White%29?unique=5906e5e,scraping\output\variant_images\ID08-SD\white.jpg
ID08-SD,Bronze,https://www.indigodecors.com/web/image/product.product/5288/image_1024/ID08-SD%20%28Bronze%29?unique=5906e5e,scraping\output\variant_images\ID08-SD\bronze.jpg
ID09-DD,Black,https://www.indigodecors.com/web/image/product.product/5023/image_1024/ID09-DD%20%28Black%29?unique=6d6b875,scraping\output\variant_images\ID09-DD\black.jpg
ID09-DD,White,https://www.indigodecors.com/web/image/product.product/5024/image_1024/ID09-DD%20%28White%29?unique=6d6b875,scraping\output\variant_images\ID09-DD\white.jpg
ID09-DD,Bronze,https://www.indigodecors.com/web/image/product.product/5025/image_1024/ID09-DD%20%28Bronze%29?unique=6d6b875,scraping\output\variant_images\ID09-DD\bronze.jpg
ID09-SD,Black,https://www.indigodecors.com/web/image/product.product/4902/image_1024/ID09-SD%20%28Black%2C%20Right-hand%29?unique=d160f0a,scraping\output\variant_images\ID09-SD\black.jpg
ID09-SD,White,https://www.indigodecors.com/web/image/product.product/4903/image_1024/ID09-SD%20%28White%2C%20Right-hand%29?unique=d160f0a,scraping\output\variant_images\ID09-SD\white.jpg
ID09-SD,Bronze,https://www.indigodecors.com/web/image/product.product/4904/image_1024/ID09-SD%20%28Bronze%2C%20Right-hand%29?unique=d160f0a,scraping\output\variant_images\ID09-SD\bronze.jpg
ID10-DDX,Black,https://www.indigodecors.com/web/image/product.product/5032/image_1024/ID10-DDx%20%28Black%29?unique=e200654,scraping\output\variant_images\ID10-DDX\black.jpg
ID10-DDX,White,https://www.indigodecors.com/web/image/product.product/5033/image_1024/ID10-DDx%20%28White%29?unique=e200654,scraping\output\variant_images\ID10-DDX\white.jpg
ID10-DDX,Bronze,https://www.indigodecors.com/web/image/product.product/5034/image_1024/ID10-DDx%20%28Bronze%29?unique=e200654,scraping\output\variant_images\ID10-DDX\bronze.jpg
ID10-SDX,Black,https://www.indigodecors.com/web/image/product.product/4908/image_1024/ID10-SDx%20%28Black%2C%20Right-hand%29?unique=d5cef96,scraping\output\variant_images\ID10-SDX\black.jpg
ID10-SDX,White,https://www.indigodecors.com/web/image/product.product/4909/image_1024/ID10-SDx%20%28White%2C%20Right-hand%29?unique=d5cef96,scraping\output\variant_images\ID10-SDX\white.jpg
ID10-SDX,Bronze,https://www.indigodecors.com/web/image/product.product/4910/image_1024/ID10-SDx%20%28Bronze%2C%20Right-hand%29?unique=d5cef96,scraping\output\variant_images\ID10-SDX\bronze.jpg
ID11-DD,Black,https://www.indigodecors.com/web/image/product.product/5041/image_1024/ID11-DD%20%28Black%29?unique=caed012,scraping\output\variant_images\ID11-DD\black.jpg
ID11-DD,White,https://www.indigodecors.com/web/image/product.product/5042/image_1024/ID11-DD%20%28White%29?unique=caed012,scraping\output\variant_images\ID11-DD\white.jpg
ID11-DD,Bronze,https://www.indigodecors.com/web/image/product.product/5043/image_1024/ID11-DD%20%28Bronze%29?unique=caed012,scraping\output\variant_images\ID11-DD\bronze.jpg
ID11-SD,Black,https://www.indigodecors.com/web/image/product.product/5289/image_1024/ID11-SD%20%28Black%29?unique=7074f9c,scraping\output\variant_images\ID11-SD\black.jpg
ID11-SD,White,https://www.indigodecors.com/web/image/product.product/5290/image_1024/ID11-SD%20%28White%29?unique=7074f9c,scraping\output\variant_images\ID11-SD\white.jpg
ID11-SD,Bronze,https://www.indigodecors.com/web/image/product.product/5291/image_1024/ID11-SD%20%28Bronze%29?unique=7074f9c,scraping\output\variant_images\ID11-SD\bronze.jpg
ID12-DDX,Black,https://www.indigodecors.com/web/image/product.product/5050/image_1024/ID12-DDx%20%28Black%29?unique=11c12ec,scraping\output\variant_images\ID12-DDX\black.jpg
ID12-DDX,White,https://www.indigodecors.com/web/image/product.product/5051/image_1024/ID12-DDx%20%28White%29?unique=11c12ec,scraping\output\variant_images\ID12-DDX\white.jpg
ID12-DDX,Bronze,https://www.indigodecors.com/web/image/product.product/5052/image_1024/ID12-DDx%20%28Bronze%29?unique=11c12ec,scraping\output\variant_images\ID12-DDX\bronze.jpg
ID12-SDX,Black,https://www.indigodecors.com/web/image/product.product/4920/image_1024/ID12-SDx%20%28Black%2C%20Right-hand%29?unique=11c12ec,scraping\output\variant_images\ID12-SDX\black.jpg
ID12-SDX,White,https://www.indigodecors.com/web/image/product.product/4921/image_1024/ID12-SDx%20%28White%2C%20Right-hand%29?unique=11c12ec,scraping\output\variant_images\ID12-SDX\white.jpg
ID12-SDX,Bronze,https://www.indigodecors.com/web/image/product.product/4922/image_1024/ID12-SDx%20%28Bronze%2C%20Right-hand%29?unique=11c12ec,scraping\output\variant_images\ID12-SDX\bronze.jpg
ID13-DD,Black,https://www.indigodecors.com/web/image/product.product/5104/image_1024/ID13-DD%20%28Black%29?unique=11c12ec,scraping\output\variant_images\ID13-DD\black.jpg
ID13-DD,White,https://www.indigodecors.com/web/image/product.product/5105/image_1024/ID13-DD%20%28White%29?unique=11c12ec,scraping\output\variant_images\ID13-DD\white.jpg
ID13-DD,Bronze,https://www.indigodecors.com/web/image/product.product/5106/image_1024/ID13-DD%20%28Bronze%29?unique=11c12ec,scraping\output\variant_images\ID13-DD\bronze.jpg
ID13-SD,Black,https://www.indigodecors.com/web/image/product.product/6023/image_1024/ID13-SD%20%28Black%29?unique=2ddb029,scraping\output\variant_images\ID13-SD\black.jpg
ID13-SD,White,https://www.indigodecors.com/web/image/product.product/6024/image_1024/ID13-SD%20%28White%29?unique=2ddb029,scraping\output\variant_images\ID13-SD\white.jpg
ID13-SD,Bronze,https://www.indigodecors.com/web/image/product.product/6025/image_1024/ID13-SD%20%28Bronze%29?unique=2ddb029,scraping\output\variant_images\ID13-SD\bronze.jpg
ID14-DD,Black,https://www.indigodecors.com/web/image/product.product/5107/image_1024/ID14-DD%20%28Black%29?unique=11c12ec,scraping\output\variant_images\ID14-DD\black.jpg
ID14-DD,White,https://www.indigodecors.com/web/image/product.product/5108/image_1024/ID14-DD%20%28White%29?unique=11c12ec,scraping\output\variant_images\ID14-DD\white.jpg
ID14-DD,Bronze,https://www.indigodecors.com/web/image/product.product/5109/image_1024/ID14-DD%20%28Bronze%29?unique=11c12ec,scraping\output\variant_images\ID14-DD\bronze.jpg
ID14-SD,Black,https://www.indigodecors.com/web/image/product.product/5292/image_1024/ID14-SD%20%28Black%29?unique=11c12ec,scraping\output\variant_images\ID14-SD\black.jpg
ID14-SD,White,https://www.indigodecors.com/web/image/product.product/5293/image_1024/ID14-SD%20%28White%29?unique=11c12ec,scraping\output\variant_images\ID14-SD\white.jpg
ID14-SD,Bronze,https://www.indigodecors.com/web/image/product.product/5294/image_1024/ID14-SD%20%28Bronze%29?unique=11c12ec,scraping\output\variant_images\ID14-SD\bronze.jpg
ID15-DD,Black,https://www.indigodecors.com/web/image/product.product/5110/image_1024/ID15-DD%20%28Black%29?unique=11c12ec,scraping\output\variant_images\ID15-DD\black.jpg
ID15-DD,White,https://www.indigodecors.com/web/image/product.product/5111/image_1024/ID15-DD%20%28White%29?unique=11c12ec,scraping\output\variant_images\ID15-DD\white.jpg
ID15-DD,Bronze,https://www.indigodecors.com/web/image/product.product/5112/image_1024/ID15-DD%20%28Bronze%29?unique=11c12ec,scraping\output\variant_images\ID15-DD\bronze.jpg
ID15-SD,Black,https://www.indigodecors.com/web/image/product.product/4944/image_1024/ID15-SD%20%28Black%2C%20Right-hand%29?unique=11c12ec,scraping\output\variant_images\ID15-SD\black.jpg
ID15-SD,White,https://www.indigodecors.com/web/image/product.product/4945/image_1024/ID15-SD%20%28White%2C%20Right-hand%29?unique=11c12ec,scraping\output\variant_images\ID15-SD\white.jpg
ID15-SD,Bronze,https://www.indigodecors.com/web/image/product.product/4946/image_1024/ID15-SD%20%28Bronze%2C%20Right-hand%29?unique=11c12ec,scraping\output\variant_images\ID15-SD\bronze.jpg
ID17-DD-X,Black,https://www.indigodecors.com/web/image/product.product/5182/image_1024/ID17-DD%20%20x%20%28Black%29?unique=11c12ec,scraping\output\variant_images\ID17-DD-X\black.jpg
ID17-DD-X,White,https://www.indigodecors.com/web/image/product.product/5183/image_1024/ID17-DD%20%20x%20%28White%29?unique=11c12ec,scraping\output\variant_images\ID17-DD-X\white.jpg
ID17-DD-X,Bronze,https://www.indigodecors.com/web/image/product.product/5184/image_1024/ID17-DD%20%20x%20%28Bronze%29?unique=11c12ec,scraping\output\variant_images\ID17-DD-X\bronze.jpg
ID17-SD,Black,https://www.indigodecors.com/web/image/product.product/6017/image_1024/ID17-SD%20%28Black%29?unique=6d9e0c7,scraping\output\variant_images\ID17-SD\black.jpg
ID17-SD,White,https://www.indigodecors.com/web/image/product.product/6018/image_1024/ID17-SD%20%28White%29?unique=6d9e0c7,scraping\output\variant_images\ID17-SD\white.jpg
ID17-SD,Bronze,https://www.indigodecors.com/web/image/product.product/6019/image_1024/ID17-SD%20%28Bronze%29?unique=6d9e0c7,scraping\output\variant_images\ID17-SD\bronze.jpg
ID18-DD-X,Black,https://www.indigodecors.com/web/image/product.product/5173/image_1024/ID18-DD%20x%20%28Black%29?unique=11c12ec,scraping\output\variant_images\ID18-DD-X\black.jpg
ID18-DD-X,White,https://www.indigodecors.com/web/image/product.product/5174/image_1024/ID18-DD%20x%20%28White%29?unique=11c12ec,scraping\output\variant_images\ID18-DD-X\white.jpg
ID18-DD-X,Bronze,https://www.indigodecors.com/web/image/product.product/5175/image_1024/ID18-DD%20x%20%28Bronze%29?unique=11c12ec,scraping\output\variant_images\ID18-DD-X\bronze.jpg
ID18-SD-X,Black,https://www.indigodecors.com/web/image/product.product/5176/image_1024/ID18-SD%20x%20%28Black%2C%20Right-hand%29?unique=11c12ec,scraping\output\variant_images\ID18-SD-X\black.jpg
ID18-SD-X,White,https://www.indigodecors.com/web/image/product.product/5177/image_1024/ID18-SD%20x%20%28White%2C%20Right-hand%29?unique=11c12ec,scraping\output\variant_images\ID18-SD-X\white.jpg
ID18-SD-X,Bronze,https://www.indigodecors.com/web/image/product.product/5178/image_1024/ID18-SD%20x%20%28Bronze%2C%20Right-hand%29?unique=11c12ec,scraping\output\variant_images\ID18-SD-X\bronze.jpg
ID19-DD,Black,https://www.indigodecors.com/web/image/product.product/5304/image_1024/ID19-DD%20%20%20%20%20%20%28Black%29?unique=11c12ec,scraping\output\variant_images\ID19-DD\black.jpg
ID19-DD,White,https://www.indigodecors.com/web/image/product.product/5305/image_1024/ID19-DD%20%20%20%20%20%20%28White%29?unique=11c12ec,scraping\output\variant_images\ID19-DD\white.jpg
ID19-DD,Bronze,https://www.indigodecors.com/web/image/product.product/5306/image_1024/ID19-DD%20%20%20%20%20%20%28Bronze%29?unique=11c12ec,scraping\output\variant_images\ID19-DD\bronze.jpg
ID19-SD,Black,https://www.indigodecors.com/web/image/product.product/5301/image_1024/ID19-SD%20%20%20%20%20%28Black%29?unique=11c12ec,scraping\output\variant_images\ID19-SD\black.jpg
ID19-SD,White,https://www.indigodecors.com/web/image/product.product/5302/image_1024/ID19-SD%20%20%20%20%20%28White%29?unique=11c12ec,scraping\output\variant_images\ID19-SD\white.jpg
ID19-SD,Bronze,https://www.indigodecors.com/web/image/product.product/5303/image_1024/ID19-SD%20%20%20%20%20%28Bronze%29?unique=11c12ec,scraping\output\variant_images\ID19-SD\bronze.jpg
ID20-DD,Black,https://www.indigodecors.com/web/image/product.product/5152/image_1024/ID20-DD%20%20%28Black%29?unique=11c12ec,scraping\output\variant_images\ID20-DD\black.jpg
ID20-DD,White,https://www.indigodecors.com/web/image/product.product/5153/image_1024/ID20-DD%20%20%28White%29?unique=11c12ec,scraping\output\variant_images\ID20-DD\white.jpg
ID20-DD,Bronze,https://www.indigodecors.com/web/image/product.product/5154/image_1024/ID20-DD%20%20%28Bronze%29?unique=11c12ec,scraping\output\variant_images\ID20-DD\bronze.jpg
ID20-SD,Black,https://www.indigodecors.com/web/image/product.product/6026/image_1024/ID20-SD%20%28Black%29?unique=6901fd8,scraping\output\variant_images\ID20-SD\black.jpg
ID20-SD,White,https://www.indigodecors.com/web/image/product.product/6027/image_1024/ID20-SD%20%28White%29?unique=c5cefb0,scraping\output\variant_images\ID20-SD\white.jpg
ID20-SD,Bronze,https://www.indigodecors.com/web/image/product.product/6028/image_1024/ID20-SD%20%28Bronze%29?unique=c110f5b,scraping\output\variant_images\ID20-SD\bronze.jpg
ID21-DD-X,Black,https://www.indigodecors.com/web/image/product.product/5158/image_1024/ID21-DD%20x%20%28Black%29?unique=4bdd567,scraping\output\variant_images\ID21-DD-X\black.jpg
ID21-DD-X,White,https://www.indigodecors.com/web/image/product.product/5159/image_1024/ID21-DD%20x%20%28White%29?unique=a3bde2d,scraping\output\variant_images\ID21-DD-X\white.jpg
ID21-DD-X,Bronze,https://www.indigodecors.com/web/image/product.product/5160/image_1024/ID21-DD%20x%20%28Bronze%29?unique=cc0425c,scraping\output\variant_images\ID21-DD-X\bronze.jpg
ID21-SD,Black,https://www.indigodecors.com/web/image/product.product/5859/image_1024/ID21-SD%20%28Black%29?unique=1d235ba,scraping\output\variant_images\ID21-SD\black.jpg
ID21-SD,White,https://www.indigodecors.com/web/image/product.product/5860/image_1024/ID21-SD%20%28White%29?unique=7521cac,scraping\output\variant_images\ID21-SD\white.jpg
ID21-SD,Bronze,https://www.indigodecors.com/web/image/product.product/5861/image_1024/ID21-SD%20%28Bronze%29?unique=fd769c2,scraping\output\variant_images\ID21-SD\bronze.jpg
ID22-DD,Black,https://www.indigodecors.com/web/image/product.product/5167/image_1024/ID22-DD%20%20%28Black%29?unique=11c12ec,scraping\output\variant_images\ID22-DD\black.jpg
ID22-DD,White,https://www.indigodecors.com/web/image/product.product/5168/image_1024/ID22-DD%20%20%28White%29?unique=11c12ec,scraping\output\variant_images\ID22-DD\white.jpg
ID22-DD,Bronze,https://www.indigodecors.com/web/image/product.product/5169/image_1024/ID22-DD%20%20%28Bronze%29?unique=11c12ec,scraping\output\variant_images\ID22-DD\bronze.jpg
ID22-SD,Black,https://www.indigodecors.com/web/image/product.product/6035/image_1024/ID22-SD%20%28Black%29?unique=861d36e,scraping\output\variant_images\ID22-SD\black.jpg
ID22-SD,White,https://www.indigodecors.com/web/image/product.product/6036/image_1024/ID22-SD%20%28White%29?unique=8138c68,scraping\output\variant_images\ID22-SD\white.jpg
ID22-SD,Bronze,https://www.indigodecors.com/web/image/product.product/6037/image_1024/ID22-SD%20%28Bronze%29?unique=6b856b4,scraping\output\variant_images\ID22-SD\bronze.jpg
ID23-DD-X,Black,https://www.indigodecors.com/web/image/product.product/5170/image_1024/ID23-DD%20x%20%28Black%29?unique=11c12ec,scraping\output\variant_images\ID23-DD-X\black.jpg
ID23-DD-X,White,https://www.indigodecors.com/web/image/product.product/5171/image_1024/ID23-DD%20x%20%28White%29?unique=11c12ec,scraping\output\variant_images\ID23-DD-X\white.jpg
ID23-DD-X,Bronze,https://www.indigodecors.com/web/image/product.product/5172/image_1024/ID23-DD%20x%20%28Bronze%29?unique=11c12ec,scraping\output\variant_images\ID23-DD-X\bronze.jpg
ID23-SD,Black,https://www.indigodecors.com/web/image/product.product/6047/image_1024/ID23-SD%20%28Black%29?unique=af0236a,scraping\output\variant_images\ID23-SD\black.jpg
ID23-SD,White,https://www.indigodecors.com/web/image/product.product/6048/image_1024/ID23-SD%20%28White%29?unique=c6276fe,scraping\output\variant_images\ID23-SD\white.jpg
ID23-SD,Bronze,https://www.indigodecors.com/web/image/product.product/6049/image_1024/ID23-SD%20%28Bronze%29?unique=b1e3f29,scraping\output\variant_images\ID23-SD\bronze.jpg
ID24-DD,Black,https://www.indigodecors.com/web/image/product.product/5217/image_1024/ID24-DD%20%20%28Black%29?unique=11c12ec,scraping\output\variant_images\ID24-DD\black.jpg
ID24-DD,White,https://www.indigodecors.com/web/image/product.product/5218/image_1024/ID24-DD%20%20%28White%29?unique=11c12ec,scraping\output\variant_images\ID24-DD\white.jpg
ID24-DD,Bronze,https://www.indigodecors.com/web/image/product.product/5219/image_1024/ID24-DD%20%20%28Bronze%29?unique=11c12ec,scraping\output\variant_images\ID24-DD\bronze.jpg
ID24-SD,Black,https://www.indigodecors.com/web/image/product.product/6041/image_1024/ID24-SD%20%28Black%29?unique=624e988,scraping\output\variant_images\ID24-SD\black.jpg
ID24-SD,White,https://www.indigodecors.com/web/image/product.product/6042/image_1024/ID24-SD%20%28White%29?unique=862592e,scraping\output\variant_images\ID24-SD\white.jpg
ID24-SD,Bronze,https://www.indigodecors.com/web/image/product.product/6043/image_1024/ID24-SD%20%28Bronze%29?unique=5b9d3d4,scraping\output\variant_images\ID24-SD\bronze.jpg
ID25-DD,Black,https://www.indigodecors.com/web/image/product.product/5155/image_1024/ID25-DD%20%20%28Black%29?unique=11c12ec,scraping\output\variant_images\ID25-DD\black.jpg
ID25-DD,White,https://www.indigodecors.com/web/image/product.product/5156/image_1024/ID25-DD%20%20%28White%29?unique=11c12ec,scraping\output\variant_images\ID25-DD\white.jpg
ID25-DD,Bronze,https://www.indigodecors.com/web/image/product.product/5157/image_1024/ID25-DD%20%20%28Bronze%29?unique=11c12ec,scraping\output\variant_images\ID25-DD\bronze.jpg
ID25-SD,Black,https://www.indigodecors.com/web/image/product.product/6038/image_1024/ID25-SD%20%28Black%29?unique=53a0055,scraping\output\variant_images\ID25-SD\black.jpg
ID25-SD,White,https://www.indigodecors.com/web/image/product.product/6039/image_1024/ID25-SD%20%28White%29?unique=91361c5,scraping\output\variant_images\ID25-SD\white.jpg
ID25-SD,Bronze,https://www.indigodecors.com/web/image/product.product/6040/image_1024/ID25-SD%20%28Bronze%29?unique=8af79a0,scraping\output\variant_images\ID25-SD\bronze.jpg
ID26-DD,Black,https://www.indigodecors.com/web/image/product.product/5083/image_1024/ID26-DD%20%28Black%29?unique=11c12ec,scraping\output\variant_images\ID26-DD\black.jpg
ID26-DD,White,https://www.indigodecors.com/web/image/product.product/5084/image_1024/ID26-DD%20%28White%29?unique=11c12ec,scraping\output\variant_images\ID26-DD\white.jpg
ID26-DD,Bronze,https://www.indigodecors.com/web/image/product.product/5085/image_1024/ID26-DD%20%28Bronze%29?unique=11c12ec,scraping\output\variant_images\ID26-DD\bronze.jpg
ID26-SD,Black,https://www.indigodecors.com/web/image/product.product/6029/image_1024/ID26-SD%20%28Black%29?unique=6957108,scraping\output\variant_images\ID26-SD\black.jpg
ID26-SD,White,https://www.indigodecors.com/web/image/product.product/6030/image_1024/ID26-SD%20%28White%29?unique=6957108,scraping\output\variant_images\ID26-SD\white.jpg
ID26-SD,Bronze,https://www.indigodecors.com/web/image/product.product/6031/image_1024/ID26-SD%20%28Bronze%29?unique=6957108,scraping\output\variant_images\ID26-SD\bronze.jpg
ID27-DD,Black,https://www.indigodecors.com/web/image/product.product/5065/image_1024/ID27-DD%20%28Black%29?unique=11c12ec,scraping\output\variant_images\ID27-DD\black.jpg
ID27-DD,White,https://www.indigodecors.com/web/image/product.product/5066/image_1024/ID27-DD%20%28White%29?unique=11c12ec,scraping\output\variant_images\ID27-DD\white.jpg
ID27-DD,Bronze,https://www.indigodecors.com/web/image/product.product/5067/image_1024/ID27-DD%20%28Bronze%29?unique=11c12ec,scraping\output\variant_images\ID27-DD\bronze.jpg
ID27-SD,Black,https://www.indigodecors.com/web/image/product.product/6032/image_1024/ID27-SD%20%28Black%29?unique=06fbd3d,scraping\output\variant_images\ID27-SD\black.jpg
ID27-SD,White,https://www.indigodecors.com/web/image/product.product/6033/image_1024/ID27-SD%20%28White%29?unique=15b4d8d,scraping\output\variant_images\ID27-SD\white.jpg
ID27-SD,Bronze,https://www.indigodecors.com/web/image/product.product/6034/image_1024/ID27-SD%20%28Bronze%29?unique=c1089a2,scraping\output\variant_images\ID27-SD\bronze.jpg
ID28-DD,Black,https://www.indigodecors.com/web/image/product.product/5068/image_1024/ID28-DD%20%28Black%29?unique=11c12ec,scraping\output\variant_images\ID28-DD\black.jpg
ID28-DD,White,https://www.indigodecors.com/web/image/product.product/5069/image_1024/ID28-DD%20%28White%29?unique=11c12ec,scraping\output\variant_images\ID28-DD\white.jpg
ID28-DD,Bronze,https://www.indigodecors.com/web/image/product.product/5070/image_1024/ID28-DD%20%28Bronze%29?unique=11c12ec,scraping\output\variant_images\ID28-DD\bronze.jpg
ID28-SD,Black,https://www.indigodecors.com/web/image/product.product/5071/image_1024/ID28-SD%20%28Black%2C%20Right-hand%29?unique=11c12ec,scraping\output\variant_images\ID28-SD\black.jpg
ID28-SD,White,https://www.indigodecors.com/web/image/product.product/5072/image_1024/ID28-SD%20%28White%2C%20Right-hand%29?unique=11c12ec,scraping\output\variant_images\ID28-SD\white.jpg
ID28-SD,Bronze,https://www.indigodecors.com/web/image/product.product/5073/image_1024/ID28-SD%20%28Bronze%2C%20Right-hand%29?unique=11c12ec,scraping\output\variant_images\ID28-SD\bronze.jpg
ID29-DD,Black,https://www.indigodecors.com/web/image/product.product/5256/image_1024/ID29-DD%20%20%20%20%20%20%28Black%29?unique=11c12ec,scraping\output\variant_images\ID29-DD\black.jpg
ID29-DD,White,https://www.indigodecors.com/web/image/product.product/5257/image_1024/ID29-DD%20%20%20%20%20%20%28White%29?unique=11c12ec,scraping\output\variant_images\ID29-DD\white.jpg
ID29-DD,Bronze,https://www.indigodecors.com/web/image/product.product/5258/image_1024/ID29-DD%20%20%20%20%20%20%28Bronze%29?unique=11c12ec,scraping\output\variant_images\ID29-DD\bronze.jpg
ID29-SD,Black,https://www.indigodecors.com/web/image/product.product/5253/image_1024/ID29-SD%20%20%20%20%28Black%29?unique=11c12ec,scraping\output\variant_images\ID29-SD\black.jpg
ID29-SD,White,https://www.indigodecors.com/web/image/product.product/5254/image_1024/ID29-SD%20%20%20%20%28White%29?unique=11c12ec,scraping\output\variant_images\ID29-SD\white.jpg
ID29-SD,Bronze,https://www.indigodecors.com/web/image/product.product/5255/image_1024/ID29-SD%20%20%20%20%28Bronze%29?unique=11c12ec,scraping\output\variant_images\ID29-SD\bronze.jpg
ID30-DD,Black,https://www.indigodecors.com/web/image/product.product/5322/image_1024/ID30-DD%20%20%28Black%29?unique=11c12ec,scraping\output\variant_images\ID30-DD\black.jpg
ID30-DD,White,https://www.indigodecors.com/web/image/product.product/5323/image_1024/ID30-DD%20%20%28White%29?unique=11c12ec,scraping\output\variant_images\ID30-DD\white.jpg
ID30-DD,Bronze,https://www.indigodecors.com/web/image/product.product/5324/image_1024/ID30-DD%20%20%28Bronze%29?unique=11c12ec,scraping\output\variant_images\ID30-DD\bronze.jpg
ID30-SD,Black,https://www.indigodecors.com/web/image/product.product/5319/image_1024/ID30-SD%20%20%20%28Black%29?unique=11c12ec,scraping\output\variant_images\ID30-SD\black.jpg
ID30-SD,White,https://www.indigodecors.com/web/image/product.product/5320/image_1024/ID30-SD%20%20%20%28White%29?unique=11c12ec,scraping\output\variant_images\ID30-SD\white.jpg
ID30-SD,Bronze,https://www.indigodecors.com/web/image/product.product/5321/image_1024/ID30-SD%20%20%20%28Bronze%29?unique=11c12ec,scraping\output\variant_images\ID30-SD\bronze.jpg
ID31-DD,Black,https://www.indigodecors.com/web/image/product.product/5208/image_1024/ID31-DD%20%20%20%28Black%29?unique=11c12ec,scraping\output\variant_images\ID31-DD\black.jpg
ID31-DD,White,https://www.indigodecors.com/web/image/product.product/5209/image_1024/ID31-DD%20%20%20%28White%29?unique=11c12ec,scraping\output\variant_images\ID31-DD\white.jpg
ID31-DD,Bronze,https://www.indigodecors.com/web/image/product.product/5210/image_1024/ID31-DD%20%20%20%28Bronze%29?unique=11c12ec,scraping\output\variant_images\ID31-DD\bronze.jpg
ID31-SD,Black,https://www.indigodecors.com/web/image/product.product/6044/image_1024/ID31-SD%20%20%28Black%29?unique=fcbb8de,scraping\output\variant_images\ID31-SD\black.jpg
ID31-SD,White,https://www.indigodecors.com/web/image/product.product/6045/image_1024/ID31-SD%20%20%28White%29?unique=9406842,scraping\output\variant_images\ID31-SD\white.jpg
ID31-SD,Bronze,https://www.indigodecors.com/web/image/product.product/6046/image_1024/ID31-SD%20%20%28Bronze%29?unique=dff4887,scraping\output\variant_images\ID31-SD\bronze.jpg
ID32-DD,Black,https://www.indigodecors.com/web/image/product.product/5220/image_1024/ID32-DD%20%20%20%20%28Black%29?unique=11c12ec,scraping\output\variant_images\ID32-DD\black.jpg
ID32-DD,White,https://www.indigodecors.com/web/image/product.product/5221/image_1024/ID32-DD%20%20%20%20%28White%29?unique=11c12ec,scraping\output\variant_images\ID32-DD\white.jpg
ID32-DD,Bronze,https://www.indigodecors.com/web/image/product.product/5222/image_1024/ID32-DD%20%20%20%20%28Bronze%29?unique=11c12ec,scraping\output\variant_images\ID32-DD\bronze.jpg
ID32-SD,Black,https://www.indigodecors.com/web/image/product.product/6020/image_1024/ID32-SD%20%20%20%28Black%29?unique=eda56b2,scraping\output\variant_images\ID32-SD\black.jpg
ID32-SD,White,https://www.indigodecors.com/web/image/product.product/6021/image_1024/ID32-SD%20%20%20%28White%29?unique=e97aa7c,scraping\output\variant_images\ID32-SD\white.jpg
ID32-SD,Bronze,https://www.indigodecors.com/web/image/product.product/6022/image_1024/ID32-SD%20%20%20%28Bronze%29?unique=50d20f2,scraping\output\variant_images\ID32-SD\bronze.jpg
ID33-DD,Black,https://www.indigodecors.com/web/image/product.product/5247/image_1024/ID33-DD%20%20%20%20%20%28Black%29?unique=11c12ec,scraping\output\variant_images\ID33-DD\black.jpg
ID33-DD,White,https://www.indigodecors.com/web/image/product.product/5248/image_1024/ID33-DD%20%20%20%20%20%28White%29?unique=11c12ec,scraping\output\variant_images\ID33-DD\white.jpg
ID33-DD,Bronze,https://www.indigodecors.com/web/image/product.product/5249/image_1024/ID33-DD%20%20%20%20%20%28Bronze%29?unique=11c12ec,scraping\output\variant_images\ID33-DD\bronze.jpg
ID33-SD,Black,https://www.indigodecors.com/web/image/product.product/5241/image_1024/ID33-SD%20%20%20%20%28Black%29?unique=11c12ec,scraping\output\variant_images\ID33-SD\black.jpg
ID33-SD,White,https://www.indigodecors.com/web/image/product.product/5242/image_1024/ID33-SD%20%20%20%20%28White%29?unique=11c12ec,scraping\output\variant_images\ID33-SD\white.jpg
ID33-SD,Bronze,https://www.indigodecors.com/web/image/product.product/5243/image_1024/ID33-SD%20%20%20%20%28Bronze%29?unique=11c12ec,scraping\output\variant_images\ID33-SD\bronze.jpg
ID34-DD,Black,https://www.indigodecors.com/web/image/product.product/5250/image_1024/ID34-DD%20%20%20%20%20%20%28Black%29?unique=11c12ec,scraping\output\variant_images\ID34-DD\black.jpg
ID34-DD,White,https://www.indigodecors.com/web/image/product.product/5251/image_1024/ID34-DD%20%20%20%20%20%20%28White%29?unique=11c12ec,scraping\output\variant_images\ID34-DD\white.jpg
ID34-DD,Bronze,https://www.indigodecors.com/web/image/product.product/5252/image_1024/ID34-DD%20%20%20%20%20%20%28Bronze%29?unique=11c12ec,scraping\output\variant_images\ID34-DD\bronze.jpg
ID34-SD,Black,https://www.indigodecors.com/web/image/product.product/5244/image_1024/ID34-SD%20%20%20%20%20%28Black%29?unique=11c12ec,scraping\output\variant_images\ID34-SD\black.jpg
ID34-SD,White,https://www.indigodecors.com/web/image/product.product/5245/image_1024/ID34-SD%20%20%20%20%20%28White%29?unique=11c12ec,scraping\output\variant_images\ID34-SD\white.jpg
ID34-SD,Bronze,https://www.indigodecors.com/web/image/product.product/5246/image_1024/ID34-SD%20%20%20%20%20%28Bronze%29?unique=11c12ec,scraping\output\variant_images\ID34-SD\bronze.jpg
ID35-DD,Black,https://www.indigodecors.com/web/image/product.product/5316/image_1024/ID35-DD%20%20%20%20%20%28Black%29?unique=11c12ec,scraping\output\variant_images\ID35-DD\black.jpg
ID35-DD,White,https://www.indigodecors.com/web/image/product.product/5317/image_1024/ID35-DD%20%20%20%20%20%28White%29?unique=11c12ec,scraping\output\variant_images\ID35-DD\white.jpg
ID35-DD,Bronze,https://www.indigodecors.com/web/image/product.product/5318/image_1024/ID35-DD%20%20%20%20%20%28Bronze%29?unique=11c12ec,scraping\output\variant_images\ID35-DD\bronze.jpg
ID35-SD,Black,https://www.indigodecors.com/web/image/product.product/5313/image_1024/ID35-SD%20%20%20%20%28Black%29?unique=11c12ec,scraping\output\variant_images\ID35-SD\black.jpg
ID35-SD,White,https://www.indigodecors.com/web/image/product.product/5314/image_1024/ID35-SD%20%20%20%20%28White%29?unique=11c12ec,scraping\output\variant_images\ID35-SD\white.jpg
ID35-SD,Bronze,https://www.indigodecors.com/web/image/product.product/5315/image_1024/ID35-SD%20%20%20%20%28Bronze%29?unique=11c12ec,scraping\output\variant_images\ID35-SD\bronze.jpg
ID36-DD,Black,https://www.indigodecors.com/web/image/product.product/5262/image_1024/ID36-DD%20%20%20%20%20%20%20%28Black%29?unique=11c12ec,scraping\output\variant_images\ID36-DD\black.jpg
ID36-DD,White,https://www.indigodecors.com/web/image/product.product/5263/image_1024/ID36-DD%20%20%20%20%20%20%20%28White%29?unique=11c12ec,scraping\output\variant_images\ID36-DD\white.jpg
ID36-DD,Bronze,https://www.indigodecors.com/web/image/product.product/5264/image_1024/ID36-DD%20%20%20%20%20%20%20%28Bronze%29?unique=11c12ec,scraping\output\variant_images\ID36-DD\bronze.jpg
ID36-SD,Black,https://www.indigodecors.com/web/image/product.product/5259/image_1024/ID36-SD%20%20%20%20%20%20%28Black%29?unique=11c12ec,scraping\output\variant_images\ID36-SD\black.jpg
ID36-SD,White,https://www.indigodecors.com/web/image/product.product/5260/image_1024/ID36-SD%20%20%20%20%20%20%28White%29?unique=11c12ec,scraping\output\variant_images\ID36-SD\white.jpg
ID36-SD,Bronze,https://www.indigodecors.com/web/image/product.product/5261/image_1024/ID36-SD%20%20%20%20%20%20%28Bronze%29?unique=11c12ec,scraping\output\variant_images\ID36-SD\bronze.jpg
ID37-DD,Black,https://www.indigodecors.com/web/image/product.product/5268/image_1024/ID37-DD%20%20%20%20%20%20%20%20%28Black%29?unique=11c12ec,scraping\output\variant_images\ID37-DD\black.jpg
ID37-DD,White,https://www.indigodecors.com/web/image/product.product/5269/image_1024/ID37-DD%20%20%20%20%20%20%20%20%28White%29?unique=11c12ec,scraping\output\variant_images\ID37-DD\white.jpg
ID37-DD,Bronze,https://www.indigodecors.com/web/image/product.product/5270/image_1024/ID37-DD%20%20%20%20%20%20%20%20%28Bronze%29?unique=11c12ec,scraping\output\variant_images\ID37-DD\bronze.jpg
ID37-SD,Black,https://www.indigodecors.com/web/image/product.product/5265/image_1024/ID37-SD%20%20%20%20%20%28Black%29?unique=11c12ec,scraping\output\variant_images\ID37-SD\black.jpg
ID37-SD,White,https://www.indigodecors.com/web/image/product.product/5266/image_1024/ID37-SD%20%20%20%20%20%28White%29?unique=11c12ec,scraping\output\variant_images\ID37-SD\white.jpg
ID37-SD,Bronze,https://www.indigodecors.com/web/image/product.product/5267/image_1024/ID37-SD%20%20%20%20%20%28Bronze%29?unique=11c12ec,scraping\output\variant_images\ID37-SD\bronze.jpg
ID38-DD,Black,https://www.indigodecors.com/web/image/product.product/5271/image_1024/ID38-DD%20%20%20%20%20%20%20%20%28Black%29?unique=11c12ec,scraping\output\variant_images\ID38-DD\black.jpg
ID38-DD,White,https://www.indigodecors.com/web/image/product.product/5272/image_1024/ID38-DD%20%20%20%20%20%20%20%20%28White%29?unique=11c12ec,scraping\output\variant_images\ID38-DD\white.jpg
ID38-DD,Bronze,https://www.indigodecors.com/web/image/product.product/5273/image_1024/ID38-DD%20%20%20%20%20%20%20%20%28Bronze%29?unique=11c12ec,scraping\output\variant_images\ID38-DD\bronze.jpg
ID38-SD,Black,https://www.indigodecors.com/web/image/product.product/5274/image_1024/ID38-SD%20%20%20%20%28Black%29?unique=11c12ec,scraping\output\variant_images\ID38-SD\black.jpg
ID38-SD,White,https://www.indigodecors.com/web/image/product.product/5275/image_1024/ID38-SD%20%20%20%20%28White%29?unique=11c12ec,scraping\output\variant_images\ID38-SD\white.jpg
ID38-SD,Bronze,https://www.indigodecors.com/web/image/product.product/5276/image_1024/ID38-SD%20%20%20%20%28Bronze%29?unique=11c12ec,scraping\output\variant_images\ID38-SD\bronze.jpg
ID39-DD,Black,https://www.indigodecors.com/web/image/product.product/5310/image_1024/ID39-DD%20%20%20%20%20%20%28Black%29?unique=11c12ec,scraping\output\variant_images\ID39-DD\black.jpg
ID39-DD,White,https://www.indigodecors.com/web/image/product.product/5311/image_1024/ID39-DD%20%20%20%20%20%20%28White%29?unique=11c12ec,scraping\output\variant_images\ID39-DD\white.jpg
ID39-DD,Bronze,https://www.indigodecors.com/web/image/product.product/5312/image_1024/ID39-DD%20%20%20%20%20%20%28Bronze%29?unique=11c12ec,scraping\output\variant_images\ID39-DD\bronze.jpg
ID39-SD,Black,https://www.indigodecors.com/web/image/product.product/5307/image_1024/ID39-SD%20%20%20%20%20%28Black%29?unique=11c12ec,scraping\output\variant_images\ID39-SD\black.jpg
ID39-SD,White,https://www.indigodecors.com/web/image/product.product/5308/image_1024/ID39-SD%20%20%20%20%20%28White%29?unique=11c12ec,scraping\output\variant_images\ID39-SD\white.jpg
ID39-SD,Bronze,https://www.indigodecors.com/web/image/product.product/5309/image_1024/ID39-SD%20%20%20%20%20%28Bronze%29?unique=11c12ec,scraping\output\variant_images\ID39-SD\bronze.jpg
ID40-DD,Black,https://www.indigodecors.com/web/image/product.product/5325/image_1024/ID40-DD%20%20%20%20%20%20%20%28Black%29?unique=11c12ec,scraping\output\variant_images\ID40-DD\black.jpg
ID40-DD,White,https://www.indigodecors.com/web/image/product.product/5326/image_1024/ID40-DD%20%20%20%20%20%20%20%28White%29?unique=11c12ec,scraping\output\variant_images\ID40-DD\white.jpg
ID40-DD,Bronze,https://www.indigodecors.com/web/image/product.product/5327/image_1024/ID40-DD%20%20%20%20%20%20%20%28Bronze%29?unique=11c12ec,scraping\output\variant_images\ID40-DD\bronze.jpg
ID40-SD,Black,https://www.indigodecors.com/web/image/product.product/5328/image_1024/ID40-SD%20%20%28Black%29?unique=11c12ec,scraping\output\variant_images\ID40-SD\black.jpg
ID40-SD,White,https://www.indigodecors.com/web/image/product.product/5329/image_1024/ID40-SD%20%20%28White%29?unique=11c12ec,scraping\output\variant_images\ID40-SD\white.jpg
ID40-SD,Bronze,https://www.indigodecors.com/web/image/product.product/5330/image_1024/ID40-SD%20%20%28Bronze%29?unique=11c12ec,scraping\output\variant_images\ID40-SD\bronze.jpg
ID41-DD,Black,https://www.indigodecors.com/web/image/product.product/5331/image_1024/ID41-DD%20%20%20%20%20%20%20%28Black%29?unique=11c12ec,scraping\output\variant_images\ID41-DD\black.jpg
ID41-DD,White,https://www.indigodecors.com/web/image/product.product/5332/image_1024/ID41-DD%20%20%20%20%20%20%20%28White%29?unique=11c12ec,scraping\output\variant_images\ID41-DD\white.jpg
ID41-DD,Bronze,https://www.indigodecors.com/web/image/product.product/5333/image_1024/ID41-DD%20%20%20%20%20%20%20%28Bronze%29?unique=11c12ec,scraping\output\variant_images\ID41-DD\bronze.jpg
ID41-SD,Black,https://www.indigodecors.com/web/image/product.product/5334/image_1024/ID41-SD%20%20%20%28Black%29?unique=11c12ec,scraping\output\variant_images\ID41-SD\black.jpg
ID41-SD,White,https://www.indigodecors.com/web/image/product.product/5335/image_1024/ID41-SD%20%20%20%28White%29?unique=11c12ec,scraping\output\variant_images\ID41-SD\white.jpg
ID41-SD,Bronze,https://www.indigodecors.com/web/image/product.product/5336/image_1024/ID41-SD%20%20%20%28Bronze%29?unique=11c12ec,scraping\output\variant_images\ID41-SD\bronze.jpg
ID42-DD,Black,https://www.indigodecors.com/web/image/product.product/5337/image_1024/ID42-DD%20%20%20%20%28Black%29?unique=11c12ec,scraping\output\variant_images\ID42-DD\black.jpg
ID42-DD,White,https://www.indigodecors.com/web/image/product.product/5338/image_1024/ID42-DD%20%20%20%20%28White%29?unique=11c12ec,scraping\output\variant_images\ID42-DD\white.jpg
ID42-DD,Bronze,https://www.indigodecors.com/web/image/product.product/5339/image_1024/ID42-DD%20%20%20%20%28Bronze%29?unique=11c12ec,scraping\output\variant_images\ID42-DD\bronze.jpg
ID42-SD,Black,https://www.indigodecors.com/web/image/product.product/5340/image_1024/ID42-SD%20%20%20%20%28Black%29?unique=11c12ec,scraping\output\variant_images\ID42-SD\black.jpg
ID42-SD,White,https://www.indigodecors.com/web/image/product.product/5341/image_1024/ID42-SD%20%20%20%20%28White%29?unique=11c12ec,scraping\output\variant_images\ID42-SD\white.jpg
ID42-SD,Bronze,https://www.indigodecors.com/web/image/product.product/5342/image_1024/ID42-SD%20%20%20%20%28Bronze%29?unique=11c12ec,scraping\output\variant_images\ID42-SD\bronze.jpg
ID43-DD,Black,https://www.indigodecors.com/web/image/product.product/5343/image_1024/ID43-DD%20%20%20%20%20%28Black%29?unique=11c12ec,scraping\output\variant_images\ID43-DD\black.jpg
ID43-DD,White,https://www.indigodecors.com/web/image/product.product/5344/image_1024/ID43-DD%20%20%20%20%20%28White%29?unique=11c12ec,scraping\output\variant_images\ID43-DD\white.jpg
ID43-DD,Bronze,https://www.indigodecors.com/web/image/product.product/5345/image_1024/ID43-DD%20%20%20%20%20%28Bronze%29?unique=11c12ec,scraping\output\variant_images\ID43-DD\bronze.jpg
ID43-SD,Black,https://www.indigodecors.com/web/image/product.product/5346/image_1024/ID43-SD%20%20%20%28Black%29?unique=11c12ec,scraping\output\variant_images\ID43-SD\black.jpg
ID43-SD,White,https://www.indigodecors.com/web/image/product.product/5347/image_1024/ID43-SD%20%20%20%28White%29?unique=11c12ec,scraping\output\variant_images\ID43-SD\white.jpg
ID43-SD,Bronze,https://www.indigodecors.com/web/image/product.product/5348/image_1024/ID43-SD%20%20%20%28Bronze%29?unique=11c12ec,scraping\output\variant_images\ID43-SD\bronze.jpg
ID44-DD,Black,https://www.indigodecors.com/web/image/product.product/5349/image_1024/ID44-DD%20%20%20%20%28Black%29?unique=11c12ec,scraping\output\variant_images\ID44-DD\black.jpg
ID44-DD,White,https://www.indigodecors.com/web/image/product.product/5350/image_1024/ID44-DD%20%20%20%20%28White%29?unique=11c12ec,scraping\output\variant_images\ID44-DD\white.jpg
ID44-DD,Bronze,https://www.indigodecors.com/web/image/product.product/5351/image_1024/ID44-DD%20%20%20%20%28Bronze%29?unique=11c12ec,scraping\output\variant_images\ID44-DD\bronze.jpg
ID44-SD,Black,https://www.indigodecors.com/web/image/product.product/5352/image_1024/ID44-SD%20%20%20%28Black%29?unique=11c12ec,scraping\output\variant_images\ID44-SD\black.jpg
ID44-SD,White,https://www.indigodecors.com/web/image/product.product/5353/image_1024/ID44-SD%20%20%20%28White%29?unique=11c12ec,scraping\output\variant_images\ID44-SD\white.jpg
ID44-SD,Bronze,https://www.indigodecors.com/web/image/product.product/5354/image_1024/ID44-SD%20%20%20%28Bronze%29?unique=11c12ec,scraping\output\variant_images\ID44-SD\bronze.jpg
ID45-DD,Black,https://www.indigodecors.com/web/image/product.product/5358/image_1024/ID45-DD%20%20%20%20%28Black%29?unique=11c12ec,scraping\output\variant_images\ID45-DD\black.jpg
ID45-DD,White,https://www.indigodecors.com/web/image/product.product/5359/image_1024/ID45-DD%20%20%20%20%28White%29?unique=11c12ec,scraping\output\variant_images\ID45-DD\white.jpg
ID45-DD,Bronze,https://www.indigodecors.com/web/image/product.product/5360/image_1024/ID45-DD%20%20%20%20%28Bronze%29?unique=11c12ec,scraping\output\variant_images\ID45-DD\bronze.jpg
ID45-SD,Black,https://www.indigodecors.com/web/image/product.product/5355/image_1024/ID45-SD%20%20%20%28Black%29?unique=11c12ec,scraping\output\variant_images\ID45-SD\black.jpg
ID45-SD,White,https://www.indigodecors.com/web/image/product.product/5356/image_1024/ID45-SD%20%20%20%28White%29?unique=11c12ec,scraping\output\variant_images\ID45-SD\white.jpg
ID45-SD,Bronze,https://www.indigodecors.com/web/image/product.product/5357/image_1024/ID45-SD%20%20%20%28Bronze%29?unique=11c12ec,scraping\output\variant_images\ID45-SD\bronze.jpg
ID46-DD,Black,https://www.indigodecors.com/web/image/product.product/5361/image_1024/ID46-DD%20%20%20%20%20%28Black%29?unique=11c12ec,scraping\output\variant_images\ID46-DD\black.jpg
ID46-DD,White,https://www.indigodecors.com/web/image/product.product/5362/image_1024/ID46-DD%20%20%20%20%20%28White%29?unique=11c12ec,scraping\output\variant_images\ID46-DD\white.jpg
ID46-DD,Bronze,https://www.indigodecors.com/web/image/product.product/5363/image_1024/ID46-DD%20%20%20%20%20%28Bronze%29?unique=11c12ec,scraping\output\variant_images\ID46-DD\bronze.jpg
ID46-SD,Black,https://www.indigodecors.com/web/image/product.product/5364/image_1024/ID46-SD%20%20%20%20%28Black%29?unique=11c12ec,scraping\output\variant_images\ID46-SD\black.jpg
ID46-SD,White,https://www.indigodecors.com/web/image/product.product/5365/image_1024/ID46-SD%20%20%20%20%28White%29?unique=11c12ec,scraping\output\variant_images\ID46-SD\white.jpg
ID46-SD,Bronze,https://www.indigodecors.com/web/image/product.product/5366/image_1024/ID46-SD%20%20%20%20%28Bronze%29?unique=11c12ec,scraping\output\variant_images\ID46-SD\bronze.jpg
ID47-DD,Black,https://www.indigodecors.com/web/image/product.product/5367/image_1024/ID47-DD%20%20%20%20%20%28Black%29?unique=11c12ec,scraping\output\variant_images\ID47-DD\black.jpg
ID47-DD,White,https://www.indigodecors.com/web/image/product.product/5368/image_1024/ID47-DD%20%20%20%20%20%28White%29?unique=11c12ec,scraping\output\variant_images\ID47-DD\white.jpg
ID47-DD,Bronze,https://www.indigodecors.com/web/image/product.product/5369/image_1024/ID47-DD%20%20%20%20%20%28Bronze%29?unique=11c12ec,scraping\output\variant_images\ID47-DD\bronze.jpg
ID47-SD,Black,https://www.indigodecors.com/web/image/product.product/5370/image_1024/ID47-SD%20%20%20%20%28Black%29?unique=11c12ec,scraping\output\variant_images\ID47-SD\black.jpg
ID47-SD,White,https://www.indigodecors.com/web/image/product.product/5371/image_1024/ID47-SD%20%20%20%20%28White%29?unique=11c12ec,scraping\output\variant_images\ID47-SD\white.jpg
ID47-SD,Bronze,https://www.indigodecors.com/web/image/product.product/5372/image_1024/ID47-SD%20%20%20%20%28Bronze%29?unique=11c12ec,scraping\output\variant_images\ID47-SD\bronze.jpg
ID48-DD,Black,https://www.indigodecors.com/web/image/product.product/5376/image_1024/ID48-DD%20%20%20%28Black%29?unique=11c12ec,scraping\output\variant_images\ID48-DD\black.jpg
ID48-DD,White,https://www.indigodecors.com/web/image/product.product/5377/image_1024/ID48-DD%20%20%20%28White%29?unique=11c12ec,scraping\output\variant_images\ID48-DD\white.jpg
ID48-DD,Bronze,https://www.indigodecors.com/web/image/product.product/5378/image_1024/ID48-DD%20%20%20%28Bronze%29?unique=11c12ec,scraping\output\variant_images\ID48-DD\bronze.jpg
ID48-SD,Black,https://www.indigodecors.com/web/image/product.product/5373/image_1024/ID48-SD%20%20%20%20%28Black%29?unique=11c12ec,scraping\output\variant_images\ID48-SD\black.jpg
ID48-SD,White,https://www.indigodecors.com/web/image/product.product/5374/image_1024/ID48-SD%20%20%20%20%28White%29?unique=11c12ec,scraping\output\variant_images\ID48-SD\white.jpg
ID48-SD,Bronze,https://www.indigodecors.com/web/image/product.product/5375/image_1024/ID48-SD%20%20%20%20%28Bronze%29?unique=11c12ec,scraping\output\variant_images\ID48-SD\bronze.jpg
ID49-DD,Black,https://www.indigodecors.com/web/image/product.product/5382/image_1024/ID49-DD%20%20%20%20%28Black%29?unique=11c12ec,scraping\output\variant_images\ID49-DD\black.jpg
ID49-DD,White,https://www.indigodecors.com/web/image/product.product/5383/image_1024/ID49-DD%20%20%20%20%28White%29?unique=11c12ec,scraping\output\variant_images\ID49-DD\white.jpg
ID49-DD,Bronze,https://www.indigodecors.com/web/image/product.product/5384/image_1024/ID49-DD%20%20%20%20%28Bronze%29?unique=11c12ec,scraping\output\variant_images\ID49-DD\bronze.jpg
ID49-SD,Black,https://www.indigodecors.com/web/image/product.product/5379/image_1024/ID49-SD%20%20%20%20%20%28Black%29?unique=11c12ec,scraping\output\variant_images\ID49-SD\black.jpg
ID49-SD,White,https://www.indigodecors.com/web/image/product.product/5380/image_1024/ID49-SD%20%20%20%20%20%28White%29?unique=11c12ec,scraping\output\variant_images\ID49-SD\white.jpg
ID49-SD,Bronze,https://www.indigodecors.com/web/image/product.product/5381/image_1024/ID49-SD%20%20%20%20%20%28Bronze%29?unique=11c12ec,scraping\output\variant_images\ID49-SD\bronze.jpg
ID50-DD,Black,https://www.indigodecors.com/web/image/product.product/5385/image_1024/ID50-DD%20%20%20%20%28Black%29?unique=11c12ec,scraping\output\variant_images\ID50-DD\black.jpg
ID50-DD,White,https://www.indigodecors.com/web/image/product.product/5386/image_1024/ID50-DD%20%20%20%20%28White%29?unique=11c12ec,scraping\output\variant_images\ID50-DD\white.jpg
ID50-DD,Bronze,https://www.indigodecors.com/web/image/product.product/5387/image_1024/ID50-DD%20%20%20%20%28Bronze%29?unique=11c12ec,scraping\output\variant_images\ID50-DD\bronze.jpg
ID50-SD,Black,https://www.indigodecors.com/web/image/product.product/5388/image_1024/ID50-SD%20%20%20%20%20%28Black%29?unique=11c12ec,scraping\output\variant_images\ID50-SD\black.jpg
ID50-SD,White,https://www.indigodecors.com/web/image/product.product/5389/image_1024/ID50-SD%20%20%20%20%20%28White%29?unique=11c12ec,scraping\output\variant_images\ID50-SD\white.jpg
ID50-SD,Bronze,https://www.indigodecors.com/web/image/product.product/5390/image_1024/ID50-SD%20%20%20%20%20%28Bronze%29?unique=11c12ec,scraping\output\variant_images\ID50-SD\bronze.jpg
ID51-DD,Black,https://www.indigodecors.com/web/image/product.product/5394/image_1024/ID51-DD%20%20%20%20%20%28Black%29?unique=11c12ec,scraping\output\variant_images\ID51-DD\black.jpg
ID51-DD,White,https://www.indigodecors.com/web/image/product.product/5395/image_1024/ID51-DD%20%20%20%20%20%28White%29?unique=11c12ec,scraping\output\variant_images\ID51-DD\white.jpg
ID51-DD,Bronze,https://www.indigodecors.com/web/image/product.product/5396/image_1024/ID51-DD%20%20%20%20%20%28Bronze%29?unique=11c12ec,scraping\output\variant_images\ID51-DD\bronze.jpg
ID51-SD,Black,https://www.indigodecors.com/web/image/product.product/5391/image_1024/ID51-SD%20%20%20%20%28Black%29?unique=11c12ec,scraping\output\variant_images\ID51-SD\black.jpg
ID51-SD,White,https://www.indigodecors.com/web/image/product.product/5392/image_1024/ID51-SD%20%20%20%20%28White%29?unique=11c12ec,scraping\output\variant_images\ID51-SD\white.jpg
ID51-SD,Bronze,https://www.indigodecors.com/web/image/product.product/5393/image_1024/ID51-SD%20%20%20%20%28Bronze%29?unique=11c12ec,scraping\output\variant_images\ID51-SD\bronze.jpg
ID52-DD,Black,https://www.indigodecors.com/web/image/product.product/5397/image_1024/ID52-DD%20%20%20%20%28Black%29?unique=11c12ec,scraping\output\variant_images\ID52-DD\black.jpg
ID52-DD,White,https://www.indigodecors.com/web/image/product.product/5398/image_1024/ID52-DD%20%20%20%20%28White%29?unique=11c12ec,scraping\output\variant_images\ID52-DD\white.jpg
ID52-DD,Bronze,https://www.indigodecors.com/web/image/product.product/5399/image_1024/ID52-DD%20%20%20%20%28Bronze%29?unique=11c12ec,scraping\output\variant_images\ID52-DD\bronze.jpg
ID52-SD,Black,https://www.indigodecors.com/web/image/product.product/5400/image_1024/ID52-SD%20%20%20%20%28Black%29?unique=11c12ec,scraping\output\variant_images\ID52-SD\black.jpg
ID52-SD,White,https://www.indigodecors.com/web/image/product.product/5401/image_1024/ID52-SD%20%20%20%20%28White%29?unique=11c12ec,scraping\output\variant_images\ID52-SD\white.jpg
ID52-SD,Bronze,https://www.indigodecors.com/web/image/product.product/5402/image_1024/ID52-SD%20%20%20%20%28Bronze%29?unique=11c12ec,scraping\output\variant_images\ID52-SD\bronze.jpg
ID53-DD,Black,https://www.indigodecors.com/web/image/product.product/5403/image_1024/ID53-DD%20%20%28Black%29?unique=11c12ec,scraping\output\variant_images\ID53-DD\black.jpg
ID53-DD,White,https://www.indigodecors.com/web/image/product.product/5404/image_1024/ID53-DD%20%20%28White%29?unique=11c12ec,scraping\output\variant_images\ID53-DD\white.jpg
ID53-DD,Bronze,https://www.indigodecors.com/web/image/product.product/5405/image_1024/ID53-DD%20%20%28Bronze%29?unique=11c12ec,scraping\output\variant_images\ID53-DD\bronze.jpg
ID53-SD,Black,https://www.indigodecors.com/web/image/product.product/5406/image_1024/ID53-SD%20%20%20%20%20%28Black%29?unique=11c12ec,scraping\output\variant_images\ID53-SD\black.jpg
ID53-SD,White,https://www.indigodecors.com/web/image/product.product/5407/image_1024/ID53-SD%20%20%20%20%20%28White%29?unique=11c12ec,scraping\output\variant_images\ID53-SD\white.jpg
ID53-SD,Bronze,https://www.indigodecors.com/web/image/product.product/5408/image_1024/ID53-SD%20%20%20%20%20%28Bronze%29?unique=11c12ec,scraping\output\variant_images\ID53-SD\bronze.jpg
ID54-DD,Black,https://www.indigodecors.com/web/image/product.product/5409/image_1024/ID54-DD%20%20%28Black%29?unique=11c12ec,scraping\output\variant_images\ID54-DD\black.jpg
ID54-DD,White,https://www.indigodecors.com/web/image/product.product/5410/image_1024/ID54-DD%20%20%28White%29?unique=11c12ec,scraping\output\variant_images\ID54-DD\white.jpg
ID54-DD,Bronze,https://www.indigodecors.com/web/image/product.product/5411/image_1024/ID54-DD%20%20%28Bronze%29?unique=11c12ec,scraping\output\variant_images\ID54-DD\bronze.jpg
ID54-SD,Black,https://www.indigodecors.com/web/image/product.product/5412/image_1024/ID54-SD%20%20%20%20%20%20%28Black%29?unique=11c12ec,scraping\output\variant_images\ID54-SD\black.jpg
ID54-SD,White,https://www.indigodecors.com/web/image/product.product/5413/image_1024/ID54-SD%20%20%20%20%20%20%28White%29?unique=11c12ec,scraping\output\variant_images\ID54-SD\white.jpg
ID54-SD,Bronze,https://www.indigodecors.com/web/image/product.product/5414/image_1024/ID54-SD%20%20%20%20%20%20%28Bronze%29?unique=11c12ec,scraping\output\variant_images\ID54-SD\bronze.jpg
ID55-DD,Black,https://www.indigodecors.com/web/image/product.product/5418/image_1024/ID55-DD%20%20%20%28Black%29?unique=11c12ec,scraping\output\variant_images\ID55-DD\black.jpg
ID55-DD,White,https://www.indigodecors.com/web/image/product.product/5419/image_1024/ID55-DD%20%20%20%28White%29?unique=11c12ec,scraping\output\variant_images\ID55-DD\white.jpg
ID55-DD,Bronze,https://www.indigodecors.com/web/image/product.product/5420/image_1024/ID55-DD%20%20%20%28Bronze%29?unique=11c12ec,scraping\output\variant_images\ID55-DD\bronze.jpg
ID55-SD,Black,https://www.indigodecors.com/web/image/product.product/5415/image_1024/ID55-SD%20%20%20%20%20%20%28Black%29?unique=11c12ec,scraping\output\variant_images\ID55-SD\black.jpg
ID55-SD,White,https://www.indigodecors.com/web/image/product.product/5416/image_1024/ID55-SD%20%20%20%20%20%20%28White%29?unique=11c12ec,scraping\output\variant_images\ID55-SD\white.jpg
ID55-SD,Bronze,https://www.indigodecors.com/web/image/product.product/5417/image_1024/ID55-SD%20%20%20%20%20%20%28Bronze%29?unique=11c12ec,scraping\output\variant_images\ID55-SD\bronze.jpg
ID56-DD,Black,https://www.indigodecors.com/web/image/product.product/5424/image_1024/ID56-DD%20%20%20%20%28Black%29?unique=11c12ec,scraping\output\variant_images\ID56-DD\black.jpg
ID56-DD,White,https://www.indigodecors.com/web/image/product.product/5425/image_1024/ID56-DD%20%20%20%20%28White%29?unique=11c12ec,scraping\output\variant_images\ID56-DD\white.jpg
ID56-DD,Bronze,https://www.indigodecors.com/web/image/product.product/5426/image_1024/ID56-DD%20%20%20%20%28Bronze%29?unique=11c12ec,scraping\output\variant_images\ID56-DD\bronze.jpg
ID56-SD,Black,https://www.indigodecors.com/web/image/product.product/5421/image_1024/ID56-SD%20%20%20%20%20%20%28Black%29?unique=11c12ec,scraping\output\variant_images\ID56-SD\black.jpg
ID56-SD,White,https://www.indigodecors.com/web/image/product.product/5422/image_1024/ID56-SD%20%20%20%20%20%20%28White%29?unique=11c12ec,scraping\output\variant_images\ID56-SD\white.jpg
ID56-SD,Bronze,https://www.indigodecors.com/web/image/product.product/5423/image_1024/ID56-SD%20%20%20%20%20%20%28Bronze%29?unique=11c12ec,scraping\output\variant_images\ID56-SD\bronze.jpg
ID57-DD,Black,https://www.indigodecors.com/web/image/product.product/5430/image_1024/ID57-DD%20%20%20%20%20%28Black%29?unique=11c12ec,scraping\output\variant_images\ID57-DD\black.jpg
ID57-DD,White,https://www.indigodecors.com/web/image/product.product/5431/image_1024/ID57-DD%20%20%20%20%20%28White%29?unique=11c12ec,scraping\output\variant_images\ID57-DD\white.jpg
ID57-DD,Bronze,https://www.indigodecors.com/web/image/product.product/5432/image_1024/ID57-DD%20%20%20%20%20%28Bronze%29?unique=11c12ec,scraping\output\variant_images\ID57-DD\bronze.jpg
ID57-SD,Black,https://www.indigodecors.com/web/image/product.product/5427/image_1024/ID57-SD%20%20%20%20%20%20%28Black%29?unique=11c12ec,scraping\output\variant_images\ID57-SD\black.jpg
ID57-SD,White,https://www.indigodecors.com/web/image/product.product/5428/image_1024/ID57-SD%20%20%20%20%20%20%28White%29?unique=11c12ec,scraping\output\variant_images\ID57-SD\white.jpg
ID57-SD,Bronze,https://www.indigodecors.com/web/image/product.product/5429/image_1024/ID57-SD%20%20%20%20%20%20%28Bronze%29?unique=11c12ec,scraping\output\variant_images\ID57-SD\bronze.jpg
ID58-DD,Black,https://www.indigodecors.com/web/image/product.product/5509/image_1024/ID58-DD%20%20%20%20%20%28Black%29?unique=11c12ec,scraping\output\variant_images\ID58-DD\black.jpg
ID58-DD,White,https://www.indigodecors.com/web/image/product.product/5510/image_1024/ID58-DD%20%20%20%20%20%28White%29?unique=11c12ec,scraping\output\variant_images\ID58-DD\white.jpg
ID58-DD,Bronze,https://www.indigodecors.com/web/image/product.product/5511/image_1024/ID58-DD%20%20%20%20%20%28Bronze%29?unique=11c12ec,scraping\output\variant_images\ID58-DD\bronze.jpg
ID58-SD,Black,https://www.indigodecors.com/web/image/product.product/5506/image_1024/ID58-SD%20%20%20%20%20%20%20%28Black%29?unique=11c12ec,scraping\output\variant_images\ID58-SD\black.jpg
ID58-SD,White,https://www.indigodecors.com/web/image/product.product/5507/image_1024/ID58-SD%20%20%20%20%20%20%20%28White%29?unique=11c12ec,scraping\output\variant_images\ID58-SD\white.jpg
ID58-SD,Bronze,https://www.indigodecors.com/web/image/product.product/5508/image_1024/ID58-SD%20%20%20%20%20%20%20%28Bronze%29?unique=11c12ec,scraping\output\variant_images\ID58-SD\bronze.jpg
ID59-DD,Black,https://www.indigodecors.com/web/image/product.product/5516/image_1024/ID59-DD%20%20%20%20%20%28Black%29?unique=11c12ec,scraping\output\variant_images\ID59-DD\black.jpg
ID59-DD,White,https://www.indigodecors.com/web/image/product.product/5517/image_1024/ID59-DD%20%20%20%20%20%28White%29?unique=11c12ec,scraping\output\variant_images\ID59-DD\white.jpg
ID59-DD,Bronze,https://www.indigodecors.com/web/image/product.product/5518/image_1024/ID59-DD%20%20%20%20%20%28Bronze%29?unique=11c12ec,scraping\output\variant_images\ID59-DD\bronze.jpg
ID59-SD,Black,https://www.indigodecors.com/web/image/product.product/5513/image_1024/ID59-SD%20%20%28Black%29?unique=11c12ec,scraping\output\variant_images\ID59-SD\black.jpg
ID59-SD,White,https://www.indigodecors.com/web/image/product.product/5514/image_1024/ID59-SD%20%20%28White%29?unique=11c12ec,scraping\output\variant_images\ID59-SD\white.jpg
ID59-SD,Bronze,https://www.indigodecors.com/web/image/product.product/5515/image_1024/ID59-SD%20%20%28Bronze%29?unique=11c12ec,scraping\output\variant_images\ID59-SD\bronze.jpg
ID60-DD,Black,https://www.indigodecors.com/web/image/product.product/5519/image_1024/ID60-DD%20%20%20%28Black%29?unique=11c12ec,scraping\output\variant_images\ID60-DD\black.jpg
ID60-DD,White,https://www.indigodecors.com/web/image/product.product/5520/image_1024/ID60-DD%20%20%20%28White%29?unique=11c12ec,scraping\output\variant_images\ID60-DD\white.jpg
ID60-DD,Bronze,https://www.indigodecors.com/web/image/product.product/5521/image_1024/ID60-DD%20%20%20%28Bronze%29?unique=11c12ec,scraping\output\variant_images\ID60-DD\bronze.jpg
ID60-SD,Black,https://www.indigodecors.com/web/image/product.product/5522/image_1024/ID60-SD%20%20%20%28Black%29?unique=11c12ec,scraping\output\variant_images\ID60-SD\black.jpg
ID60-SD,White,https://www.indigodecors.com/web/image/product.product/5523/image_1024/ID60-SD%20%20%20%28White%29?unique=11c12ec,scraping\output\variant_images\ID60-SD\white.jpg
ID60-SD,Bronze,https://www.indigodecors.com/web/image/product.product/5524/image_1024/ID60-SD%20%20%20%28Bronze%29?unique=11c12ec,scraping\output\variant_images\ID60-SD\bronze.jpg
ID61-DD,Black,https://www.indigodecors.com/web/image/product.product/5528/image_1024/ID61-DD%20%20%20%20%28Black%29?unique=11c12ec,scraping\output\variant_images\ID61-DD\black.jpg
ID61-DD,White,https://www.indigodecors.com/web/image/product.product/5529/image_1024/ID61-DD%20%20%20%20%28White%29?unique=11c12ec,scraping\output\variant_images\ID61-DD\white.jpg
ID61-DD,Bronze,https://www.indigodecors.com/web/image/product.product/5530/image_1024/ID61-DD%20%20%20%20%28Bronze%29?unique=11c12ec,scraping\output\variant_images\ID61-DD\bronze.jpg
ID61-SD,Black,https://www.indigodecors.com/web/image/product.product/5525/image_1024/ID61-SD%20%20%28Black%29?unique=11c12ec,scraping\output\variant_images\ID61-SD\black.jpg
ID61-SD,White,https://www.indigodecors.com/web/image/product.product/5526/image_1024/ID61-SD%20%20%28White%29?unique=11c12ec,scraping\output\variant_images\ID61-SD\white.jpg
ID61-SD,Bronze,https://www.indigodecors.com/web/image/product.product/5527/image_1024/ID61-SD%20%20%28Bronze%29?unique=11c12ec,scraping\output\variant_images\ID61-SD\bronze.jpg
ID62-DD,Black,https://www.indigodecors.com/web/image/product.product/5531/image_1024/ID62-DD%20%20%20%20%20%28Black%29?unique=11c12ec,scraping\output\variant_images\ID62-DD\black.jpg
ID62-DD,White,https://www.indigodecors.com/web/image/product.product/5532/image_1024/ID62-DD%20%20%20%20%20%28White%29?unique=11c12ec,scraping\output\variant_images\ID62-DD\white.jpg
ID62-DD,Bronze,https://www.indigodecors.com/web/image/product.product/5533/image_1024/ID62-DD%20%20%20%20%20%28Bronze%29?unique=11c12ec,scraping\output\variant_images\ID62-DD\bronze.jpg
ID62-SD,Black,https://www.indigodecors.com/web/image/product.product/5534/image_1024/ID62-SD%20%20%20%28Black%29?unique=11c12ec,scraping\output\variant_images\ID62-SD\black.jpg
ID62-SD,White,https://www.indigodecors.com/web/image/product.product/5535/image_1024/ID62-SD%20%20%20%28White%29?unique=11c12ec,scraping\output\variant_images\ID62-SD\white.jpg
ID62-SD,Bronze,https://www.indigodecors.com/web/image/product.product/5536/image_1024/ID62-SD%20%20%20%28Bronze%29?unique=11c12ec,scraping\output\variant_images\ID62-SD\bronze.jpg
ID63-DD,Black,https://www.indigodecors.com/web/image/product.product/5537/image_1024/ID63-DD%20%20%20%20%20%20%28Black%29?unique=11c12ec,scraping\output\variant_images\ID63-DD\black.jpg
ID63-DD,White,https://www.indigodecors.com/web/image/product.product/5538/image_1024/ID63-DD%20%20%20%20%20%20%28White%29?unique=11c12ec,scraping\output\variant_images\ID63-DD\white.jpg
ID63-DD,Bronze,https://www.indigodecors.com/web/image/product.product/5539/image_1024/ID63-DD%20%20%20%20%20%20%28Bronze%29?unique=11c12ec,scraping\output\variant_images\ID63-DD\bronze.jpg
ID63-SD,Black,https://www.indigodecors.com/web/image/product.product/5540/image_1024/ID63-SD%20%20%20%28Black%29?unique=11c12ec,scraping\output\variant_images\ID63-SD\black.jpg
ID63-SD,White,https://www.indigodecors.com/web/image/product.product/5541/image_1024/ID63-SD%20%20%20%28White%29?unique=11c12ec,scraping\output\variant_images\ID63-SD\white.jpg
ID63-SD,Bronze,https://www.indigodecors.com/web/image/product.product/5542/image_1024/ID63-SD%20%20%20%28Bronze%29?unique=11c12ec,scraping\output\variant_images\ID63-SD\bronze.jpg
ID64-DD,Black,https://www.indigodecors.com/web/image/product.product/5543/image_1024/ID64-DD%20%20%20%20%20%20%20%28Black%29?unique=11c12ec,scraping\output\variant_images\ID64-DD\black.jpg
ID64-DD,White,https://www.indigodecors.com/web/image/product.product/5544/image_1024/ID64-DD%20%20%20%20%20%20%20%28White%29?unique=11c12ec,scraping\output\variant_images\ID64-DD\white.jpg
ID64-DD,Bronze,https://www.indigodecors.com/web/image/product.product/5545/image_1024/ID64-DD%20%20%20%20%20%20%20%28Bronze%29?unique=11c12ec,scraping\output\variant_images\ID64-DD\bronze.jpg
ID64-SD,Black,https://www.indigodecors.com/web/image/product.product/5546/image_1024/ID64-SD%20%20%20%20%28Black%29?unique=11c12ec,scraping\output\variant_images\ID64-SD\black.jpg
ID64-SD,White,https://www.indigodecors.com/web/image/product.product/5547/image_1024/ID64-SD%20%20%20%20%28White%29?unique=11c12ec,scraping\output\variant_images\ID64-SD\white.jpg
ID64-SD,Bronze,https://www.indigodecors.com/web/image/product.product/5548/image_1024/ID64-SD%20%20%20%20%28Bronze%29?unique=11c12ec,scraping\output\variant_images\ID64-SD\bronze.jpg
ID65-DD,Black,https://www.indigodecors.com/web/image/product.product/5549/image_1024/ID65-DD%20%20%20%20%20%20%20%20%28Black%29?unique=cb2435f,scraping\output\variant_images\ID65-DD\black.jpg
ID65-DD,White,https://www.indigodecors.com/web/image/product.product/5550/image_1024/ID65-DD%20%20%20%20%20%20%20%20%28White%29?unique=cb2435f,scraping\output\variant_images\ID65-DD\white.jpg
ID65-DD,Bronze,https://www.indigodecors.com/web/image/product.product/5551/image_1024/ID65-DD%20%20%20%20%20%20%20%20%28Bronze%29?unique=cb2435f,scraping\output\variant_images\ID65-DD\bronze.jpg
ID65-SD,Black,https://www.indigodecors.com/web/image/product.product/6050/image_1024/ID65-SD%20%20%20%20%20%28Black%29?unique=c71b613,scraping\output\variant_images\ID65-SD\black.jpg
ID65-SD,White,https://www.indigodecors.com/web/image/product.product/6051/image_1024/ID65-SD%20%20%20%20%20%28White%29?unique=f823d31,scraping\output\variant_images\ID65-SD\white.jpg
ID65-SD,Bronze,https://www.indigodecors.com/web/image/product.product/6052/image_1024/ID65-SD%20%20%20%20%20%28Bronze%29?unique=93f84a0,scraping\output\variant_images\ID65-SD\bronze.jpg
ID66-DD,Black,https://www.indigodecors.com/web/image/product.product/6053/image_1024/ID66-DD%20%20%20%20%20%20%20%20%28Black%29?unique=012ea4b,scraping\output\variant_images\ID66-DD\black.jpg
ID66-DD,White,https://www.indigodecors.com/web/image/product.product/6054/image_1024/ID66-DD%20%20%20%20%20%20%20%20%28White%29?unique=50b1637,scraping\output\variant_images\ID66-DD\white.jpg
ID66-DD,Bronze,https://www.indigodecors.com/web/image/product.product/6055/image_1024/ID66-DD%20%20%20%20%20%20%20%20%28Bronze%29?unique=a029e89,scraping\output\variant_images\ID66-DD\bronze.jpg
ID66-SD,Black,https://www.indigodecors.com/web/image/product.product/6056/image_1024/ID66-SD%20%20%20%20%20%20%28Black%29?unique=6054b87,scraping\output\variant_images\ID66-SD\black.jpg
ID66-SD,White,https://www.indigodecors.com/web/image/product.product/6057/image_1024/ID66-SD%20%20%20%20%20%20%28White%29?unique=93a7501,scraping\output\variant_images\ID66-SD\white.jpg
ID66-SD,Bronze,https://www.indigodecors.com/web/image/product.product/6058/image_1024/ID66-SD%20%20%20%20%20%20%28Bronze%29?unique=963eaa9,scraping\output\variant_images\ID66-SD\bronze.jpg
ID67-DD,Black,https://www.indigodecors.com/web/image/product.product/6059/image_1024/ID67-DD%20%20%20%20%20%20%20%28Black%29?unique=e003f44,scraping\output\variant_images\ID67-DD\black.jpg
ID67-DD,White,https://www.indigodecors.com/web/image/product.product/6060/image_1024/ID67-DD%20%20%20%20%20%20%20%28White%29?unique=0ee116e,scraping\output\variant_images\ID67-DD\white.jpg
ID67-DD,Bronze,https://www.indigodecors.com/web/image/product.product/6061/image_1024/ID67-DD%20%20%20%20%20%20%20%28Bronze%29?unique=ae6a7da,scraping\output\variant_images\ID67-DD\bronze.jpg
ID67-SD,Black,https://www.indigodecors.com/web/image/product.product/6062/image_1024/ID67-SD%20%20%20%20%20%28Black%29?unique=83f0c29,scraping\output\variant_images\ID67-SD\black.jpg
ID67-SD,White,https://www.indigodecors.com/web/image/product.product/6063/image_1024/ID67-SD%20%20%20%20%20%28White%29?unique=2377002,scraping\output\variant_images\ID67-SD\white.jpg
ID67-SD,Bronze,https://www.indigodecors.com/web/image/product.product/6064/image_1024/ID67-SD%20%20%20%20%20%28Bronze%29?unique=1ee9365,scraping\output\variant_images\ID67-SD\bronze.jpg
ID68-DD,Black,https://www.indigodecors.com/web/image/product.product/6065/image_1024/ID68-DD%20%20%20%20%20%20%28Black%29?unique=0f7a475,scraping\output\variant_images\ID68-DD\black.jpg
ID68-DD,White,https://www.indigodecors.com/web/image/product.product/6066/image_1024/ID68-DD%20%20%20%20%20%20%28White%29?unique=e875d26,scraping\output\variant_images\ID68-DD\white.jpg
ID68-DD,Bronze,https://www.indigodecors.com/web/image/product.product/6067/image_1024/ID68-DD%20%20%20%20%20%20%28Bronze%29?unique=fbdcdd7,scraping\output\variant_images\ID68-DD\bronze.jpg
ID68-SD,Black,https://www.indigodecors.com/web/image/product.product/6068/image_1024/ID68-SD%20%20%20%20%20%28Black%29?unique=1284998,scraping\output\variant_images\ID68-SD\black.jpg
ID68-SD,White,https://www.indigodecors.com/web/image/product.product/6069/image_1024/ID68-SD%20%20%20%20%20%28White%29?unique=5ad7a19,scraping\output\variant_images\ID68-SD\white.jpg
ID68-SD,Bronze,https://www.indigodecors.com/web/image/product.product/6070/image_1024/ID68-SD%20%20%20%20%20%28Bronze%29?unique=86bdb03,scraping\output\variant_images\ID68-SD\bronze.jpg
ID69-DD,Black,https://www.indigodecors.com/web/image/product.product/6074/image_1024/ID69-DD%20%20%20%20%20%20%20%28Black%29?unique=57d1f4d,scraping\output\variant_images\ID69-DD\black.jpg
ID69-DD,White,https://www.indigodecors.com/web/image/product.product/6075/image_1024/ID69-DD%20%20%20%20%20%20%20%28White%29?unique=57d1f4d,scraping\output\variant_images\ID69-DD\white.jpg
ID69-DD,Bronze,https://www.indigodecors.com/web/image/product.product/6076/image_1024/ID69-DD%20%20%20%20%20%20%20%28Bronze%29?unique=c76d0a0,scraping\output\variant_images\ID69-DD\bronze.jpg
ID69-SD,Black,https://www.indigodecors.com/web/image/product.product/6071/image_1024/ID69-SD%20%20%20%20%20%28Black%29?unique=50df695,scraping\output\variant_images\ID69-SD\black.jpg
ID69-SD,White,https://www.indigodecors.com/web/image/product.product/6072/image_1024/ID69-SD%20%20%20%20%20%28White%29?unique=05e500d,scraping\output\variant_images\ID69-SD\white.jpg
ID69-SD,Bronze,https://www.indigodecors.com/web/image/product.product/6073/image_1024/ID69-SD%20%20%20%20%20%28Bronze%29?unique=4758dde,scraping\output\variant_images\ID69-SD\bronze.jpg
ID70-DD,Black,https://www.indigodecors.com/web/image/product.product/6077/image_1024/ID70-DD%20%20%20%20%20%20%20%20%28Black%29?unique=ecf0dba,scraping\output\variant_images\ID70-DD\black.jpg
ID70-DD,White,https://www.indigodecors.com/web/image/product.product/6078/image_1024/ID70-DD%20%20%20%20%20%20%20%20%28White%29?unique=d7f2d6c,scraping\output\variant_images\ID70-DD\white.jpg
ID70-DD,Bronze,https://www.indigodecors.com/web/image/product.product/6079/image_1024/ID70-DD%20%20%20%20%20%20%20%20%28Bronze%29?unique=1651d22,scraping\output\variant_images\ID70-DD\bronze.jpg
ID70-SD,Black,https://www.indigodecors.com/web/image/product.product/6080/image_1024/ID70-SD%20%20%20%20%20%20%28Black%29?unique=0564325,scraping\output\variant_images\ID70-SD\black.jpg
ID70-SD,White,https://www.indigodecors.com/web/image/product.product/6081/image_1024/ID70-SD%20%20%20%20%20%20%28White%29?unique=82902c3,scraping\output\variant_images\ID70-SD\white.jpg
ID70-SD,Bronze,https://www.indigodecors.com/web/image/product.product/6082/image_1024/ID70-SD%20%20%20%20%20%20%28Bronze%29?unique=32a6419,scraping\output\variant_images\ID70-SD\bronze.jpg
ID93-DD,Black,https://www.indigodecors.com/web/image/product.product/5862/image_1024/ID93-DD%20%20%20%20%20%20%20%28Black%29?unique=319ff1a,scraping\output\variant_images\ID93-DD\black.jpg
ID93-DD,White,https://www.indigodecors.com/web/image/product.product/5863/image_1024/ID93-DD%20%20%20%20%20%20%20%28White%29?unique=9998c38,scraping\output\variant_images\ID93-DD\white.jpg
ID93-DD,Bronze,https://www.indigodecors.com/web/image/product.product/5864/image_1024/ID93-DD%20%20%20%20%20%20%20%28Bronze%29?unique=7f96d42,scraping\output\variant_images\ID93-DD\bronze.jpg
ID93-SD,Black,https://www.indigodecors.com/web/image/product.product/5552/image_1024/ID93-SD%20%20%20%20%20%28Black%29?unique=faedca8,scraping\output\variant_images\ID93-SD\black.jpg
ID93-SD,White,https://www.indigodecors.com/web/image/product.product/5553/image_1024/ID93-SD%20%20%20%20%20%28White%29?unique=91f9de4,scraping\output\variant_images\ID93-SD\white.jpg
ID93-SD,Bronze,https://www.indigodecors.com/web/image/product.product/5554/image_1024/ID93-SD%20%20%20%20%20%28Bronze%29?unique=4f93254,scraping\output\variant_images\ID93-SD\bronze.jpg
